,Tensione Ch A Ultimo (mV),Tensione Ch B Ultimo (mV),Corrente Ch A Ultimo (mV),Corrente Ch B Ultimo (mV),Kvolt CH A Ultimo (V),Kvolt Ch B Ultimo (V)
00,-58.035,-59.683,7.886,0.022,-0.799,-0.807
01,-58.037,-59.682,7.929,0.043,-0.799,-0.807
02,-58.040,-59.678,7.961,0.009,-0.799,-0.806
03,-58.040,-59.672,7.953,-0.036,-0.799,-0.806
04,-58.036,-59.668,7.918,-0.051,-0.799,-0.806
05,-58.034,-59.667,7.886,-0.013,-0.799,-0.806
06,-58.035,-59.669,7.893,0.029,-0.799,-0.806
07,-58.037,-59.674,7.931,0.052,-0.799,-0.806
08,-58.042,-59.675,7.966,-0.016,-0.799,-0.806
09,-58.042,-59.671,7.947,-0.053,-0.799,-0.806
10,-58.039,-59.666,7.909,-0.052,-0.799,-0.806
11,-58,035,-59,666,7,885,-0,009,-0,799,-0,806
12,-58,034,-59,670,7,901,0,032,-0,799,-0,806
13,-58,038,-59,676,7,939,0,031,-0,799,-0,806
14,-58,042,-59,675,7,964,-0,007,-0,799,-0,806
15,-58,038,-59,665,7,942,-0,057,-0,799,-0,806
16,-58,037,-59,666,7,902,-0,047,-0,799,-0,806
17,-58,036,-59,667,7,884,-0,004,-0,799,-0,806
18,-58,035,-59,672,7,910,0,039,-0,799,-0,806
19,-58,038,-59,676,7,944,0,023,-0,799,-0,806
20,-58,042,-59,676,7,964,-0,015,-0,799,-0,806
21,-58,040,-59,667,7,930,-0,037,-0,799,-0,806
22,-58,037,-59,668,7,894,-0,011,-0,799,-0,806
23,-58,035,-59,668,7,883,0,035,-0,799,-0,806
24,-58,037,-59,675,7,920,0,063,-0,799,-0,806
25,-58,037,-59,675,7,961,0,038,-0,799,-0,806
26,-58,040,-59,673,7,958,-0,008,-0,799,-0,806
27,-58,039,-59,668,7,918,-0,028,-0,799,-0,806
28,-58,034,-59,666,7,885,0,025,-0,799,-0,806
29,-58,036,-59,669,7,901,0,063,-0,799,-0,806
30,-58,038,-59,677,7,941,0,061,-0,799,-0,806
31,-58,039,-59,677,7,963,0,020,-0,799,-0,806
32,-58,038,-59,669,7,943,-0,031,-0,799,-0,806
33,-58,037,-59,666,7,902,-0,029,-0,799,-0,806
34,-58,035,-59,670,7,883,0,029,-0,799,-0,806
35,-58,037,-59,675,7,916,0,058,-0,799,-0,806
36,-58,038,-59,677,7,952,0,027,-0,799,-0,806
37,-58,040,-59,674,7,958,-0,017,-0,799,-0,806
38,-58,039,-59,667,7,926,-0,045,-0,799,-0,806
39,-58,036,-59,665,7,892,-0,025,-0,799,-0,806
40,-58,036,-59,669,7,886,0,019,-0,799,-0,806
41,-58,039,-59,675,7,926,0,040,-0,799,-0,806
42,-58,041,-59,676,7,957,0,006,-0,799,-0,806
43,-58,042,-59,673,7,956,-0,025,-0,799,-0,806
44,-58,038,-59,669,7,921,-0,056,-0,799,-0,806
45,-58,037,-59,665,7,888,-0,020,-0,799,-0,806
46,-58,034,-59,669,7,887,0,024,-0,799,-0,806
47,-58,034,-59,676,7,921,0,043,-0,799,-0,806
48,-58,040,-59,676,7,957,0,008,-0,799,-0,806
49,-58,042,-59,671,7,953,-0,032,-0,799,-0,806
50,-58,039,-59,669,7,918,-0,045,-0,799,-0,806
51,-58,035,-59,665,7,888,-0,025,-0,799,-0,806
52,-58,036,-59,672,7,885,0,036,-0,799,-0,806
53,-58,036,-59,675,7,918,0,045,-0,799,-0,806
54,-58,038,-59,677,7,950,0,032,-0,799,-0,806
55,-58,039,-59,672,7,953,-0,005,-0,799,-0,806
56,-58,038,-59,668,7,922,-0,040,-0,799,-0,806
57,-58,036,-59,666,7,891,-0,017,-0,799,-0,806
58,-58,034,-59,668,7,884,0,046,-0,799,-0,806
59,-58,038,-59,672,7,914,0,049,-0,799,-0,806
01:00,-58,040,-59,677,7,946,0,036,-0,799,-0,806
01:01,-58,043,-59,674,7,958,-0,015,-0,799,-0,806
01:02,-58,039,-59,668,7,889,-0,025,-0,799,-0,806
01:03,-60,415,-59,665,7,296,-0,016,-0,832,-0,806
01:04,-64,433,-59,666,7,188,0,033,-0,887,-0,806
01:05,-68,552,-59,671,7,177,0,067,-0,944,-0,806
01:06,-72,604,-59,674,7,181,0,078,-1,000,-0,806
01:07,-76,682,-59,673,7,158,0,032,-1,056,-0,806
01:08,-81,952,-59,669,7,085,-0,002,-1,128,-0,806
01:09,-86,211,-59,664,7,016,-0,018,-1,187,-0,806
01:10,-90,541,-59,663,6,941,0,012,-1,247,-0,806
01:11,-94,917,-60,383,6,911,-1,065,-1,307,-0,816
01:12,-99,227,-64,844,6,929,-1,584,-1,366,-0,876
01:13,-103,421,-69,713,6,947,-1,671,-1,424,-0,942
01:14,-107,480,-74,716,6,948,-1,745,-1,480,-1,010
01:15,-112,281,-81,173,6,924,-1,800,-1,546,-1,097
01:16,-115,764,-86,360,6,941,-1,711,-1,594,-1,167
01:17,-117,892,-91,447,7,587,-1,630,-1,623,-1,236
01:18,-115,474,-96,426,7,732,-1,552,-1,590,-1,303
01:19,-114,940,-101,278,7,515,-1,507,-1,583,-1,369
01:20,-114,947,-105,962,7,530,-1,491,-1,583,-1,432
01:21,-114,952,-111,502,7,501,-1,391,-1,583,-1,507
01:22,-114,949,-115,524,7,469,-1,179,-1,583,-1,561
01:23,-114,948,-118,321,7,457,-0,118,-1,583,-1,599
01:24,-114,947,-118,412,7,484,0,208,-1,583,-1,600
01:25,-114,949,-118,379,7,519,0,163,-1,583,-1,600
01:26,-114,953,-118,360,7,537,0,105,-1,583,-1,599
01:27,-114,953,-118,348,7,514,0,068,-1,583,-1,599
01:28,-114,948,-118,339,7,470,0,085,-1,583,-1,599
01:29,-114,949,-118,342,7,460,0,129,-1,583,-1,599
01:30,-114,949,-118,347,7,495,0,154,-1,583,-1,599
01:31,-114,951,-118,348,7,527,0,130,-1,583,-1,599
01:32,-114,952,-118,345,7,536,0,097,-1,583,-1,599
01:33,-114,953,-118,338,7,503,0,076,-1,583,-1,599
01:34,-114,951,-118,338,7,468,0,100,-1,583,-1,599
01:35,-114,951,-118,342,7,467,0,150,-1,583,-1,599
01:36,-114,952,-118,349,7,501,0,173,-1,583,-1,599
01:37,-114,952,-118,350,7,532,0,141,-1,583,-1,599
01:38,-116,843,-118,345,6,976,0,096,-1,609,-1,599
01:39,-120,580,-118,340,6,832,0,085,-1,660,-1,599
01:40,-124,697,-118,337,6,731,0,099,-1,717,-1,599
01:41,-130,066,-118,341,6,668,0,166,-1,791,-1,599
01:42,-134,381,-118,344,6,663,0,197,-1,850,-1,599
01:43,-138,806,-118,347,6,632,0,181,-1,911,-1,599
01:44,-143,292,-118,345,6,611,0,141,-1,973,-1,599
01:45,-147,717,-118,721,6,562,-0,794,-2,034,-1,604
01:46,-152,047,-122,970,6,514,-1,624,-2,094,-1,662
01:47,-156,277,-128,166,6,481,-1,656,-2,152,-1,732
01:48,-161,385,-134,838,6,500,-1,640,-2,222,-1,822
01:49,-165,270,-140,112,6,541,-1,591,-2,276,-1,893
01:50,-168,884,-145,270,6,592,-1,585,-2,326,-1,963
01:51,-171,875,-150,334,6,802,-1,589,-2,367,-2,032
01:52,-172,394,-155,288,7,053,-1,556,-2,374,-2,098
01:53,-172,350,-160,115,7,027,-1,458,-2,373,-2,164
01:54,-172,330,-164,778,7,033,-1,344,-2,373,-2,227
01:55,-172,324,-170,278,7,079,-1,184,-2,373,-2,301
01:56,-172,322,-174,222,7,108,-0,993,-2,373,-2,354
01:57,-172,323,-176,561,7,100,0,120,-2,373,-2,386
01:58,-172,321,-176,528,7,067,0,191,-2,373,-2,386
01:59,-172,316,-176,493,7,036,0,194,-2,373,-2,385
02:00,-172,314,-176,483,7,038,0,239,-2,373,-2,385
02:01,-172,318,-176,482,7,081,0,264,-2,373,-2,385
02:02,-172,322,-176,484,7,111,0,246,-2,373,-2,385
02:03,-172,322,-176,479,7,102,0,191,-2,373,-2,385
02:04,-172,318,-176,472,7,067,0,188,-2,373,-2,385
02:05,-172,314,-176,469,7,036,0,222,-2,373,-2,385
02:06,-172,313,-176,474,7,042,0,266,-2,373,-2,385
02:07,-172,315,-176,478,7,076,0,285,-2,373,-2,385
02:08,-172,318,-176,479,7,114,0,244,-2,373,-2,385
02:09,-172,321,-176,474,7,104,0,203,-2,373,-2,385
02:10,-172,319,-176,471,7,067,0,189,-2,373,-2,385
02:11,-172,317,-176,470,7,038,0,223,-2,373,-2,385
02:12,-172,315,-176,476,7,042,0,265,-2,373,-2,385
02:13,-172,319,-176,479,7,077,0,269,-2,373,-2,385
02:14,-172,319,-176,480,7,108,0,264,-2,373,-2,385
02:15,-172,322,-176,476,7,100,0,209,-2,373,-2,385
02:16,-172,321,-176,470,7,066,0,174,-2,373,-2,385
02:17,-172,316,-176,473,7,035,0,216,-2,373,-2,385
02:18,-172,318,-176,477,7,043,0,289,-2,373,-2,385
02:19,-172,321,-176,482,7,080,0,301,-2,373,-2,385
02:20,-172,322,-176,482,7,113,0,260,-2,373,-2,385
02:21,-172,322,-176,476,7,098,0,210,-2,373,-2,385
02:22,-172,321,-176,470,7,060,0,181,-2,373,-2,385
02:23,-172,318,-176,471,7,034,0,230,-2,373,-2,385
02:24,-172,317,-176,477,7,050,0,274,-2,373,-2,385
02:25,-172,319,-176,479,7,089,0,262,-2,373,-2,385
02:26,-172,321,-176,480,7,116,0,234,-2,373,-2,385
02:27,-172,322,-176,472,7,101,0,185,-2,373,-2,385
02:28,-172,319,-176,469,7,054,0,183,-2,373,-2,385
02:29,-172,318,-176,473,7,033,0,231,-2,373,-2,385
02:30,-172,316,-176,476,7,056,0,266,-2,373,-2,385
02:31,-172,317,-176,477,7,092,0,260,-2,373,-2,385
02:32,-172,320,-176,479,7,116,0,227,-2,373,-2,385
02:33,-172,321,-176,474,7,096,0,212,-2,373,-2,385
02:34,-173,124,-176,470,6,558,0,194,-2,384,-2,385
02:35,-177,883,-176,474,6,335,0,253,-2,449,-2,385
02:36,-182,231,-176,479,6,280,0,284,-2,509,-2,385
02:37,-186,770,-176,481,6,251,0,276,-2,572,-2,385
02:38,-191,405,-176,882,6,238,-0,682,-2,636,-2,390
02:39,-195,997,-181,189,6,193,-1,588,-2,699,-2,448
02:40,-200,519,-186,426,6,134,-1,659,-2,761,-2,519
02:41,-206,076,-193,121,6,082,-1,602,-2,838,-2,610
02:42,-210,429,-198,399,6,084,-1,504,-2,898,-2,681
02:43,-214,660,-203,574,6,113,-1,462,-2,956,-2,751
02:44,-218,731,-208,651,6,131,-1,453,-3,012,-2,820
02:45,-222,622,-213,620,6,121,-1,445,-3,066,-2,887
02:46,-226,238,-218,453,6,115,-1,397,-3,115,-2,952
02:47,-229,252,-223,134,6,300,-1,291,-3,157,-3,015
02:48,-229,799,-228,662,6,612,-1,112,-3,164,-3,090
02:49,-229,767,-232,655,6,651,-0,889,-3,164,-3,144
02:50,-229,755,-235,216,6,677,0,142,-3,164,-3,179
02:51,-229,748,-235,228,6,663,0,311,-3,164,-3,179
02:52,-229,742,-235,190,6,630,0,297,-3,164,-3,178
02:53,-229,738,-235,174,6,599,0,342,-3,163,-3,178
02:54,-229,738,-235,168,6,611,0,380,-3,163,-3,178
02:55,-229,741,-235,173,6,656,0,381,-3,164,-3,178
02:56,-229,742,-235,170,6,681,0,335,-3,164,-3,178
02:57,-229,741,-235,170,6,659,0,300,-3,164,-3,178
02:58,-229,739,-235,163,6,625,0,289,-3,164,-3,178
02:59,-229,738,-235,160,6,599,0,331,-3,163,-3,178
03:00,-229,738,-235,166,6,617,0,374,-3,163,-3,178
03:01,-229,740,-235,169,6,653,0,382,-3,164,-3,178
03:02,-229,743,-235,169,6,681,0,332,-3,164,-3,178
03:03,-229,742,-235,162,6,656,0,296,-3,164,-3,178
03:04,-229,739,-235,159,6,620,0,299,-3,163,-3,178
03:05,-229,736,-235,161,6,599,0,344,-3,163,-3,178
03:06,-229,734,-235,166,6,622,0,382,-3,163,-3,178
03:07,-229,741,-235,167,6,664,0,379,-3,164,-3,178
03:08,-229,744,-235,167,6,681,0,319,-3,164,-3,178
03:09,-229,741,-235,161,6,651,0,292,-3,164,-3,178
03:10,-229,739,-235,159,6,617,0,312,-3,164,-3,178
03:11,-229,739,-235,159,6,604,0,365,-3,164,-3,178
03:12,-229,742,-235,165,6,633,0,396,-3,164,-3,178
03:13,-229,742,-235,170,6,669,0,384,-3,164,-3,178
03:14,-229,743,-235,168,6,680,0,339,-3,164,-3,178
03:15,-229,743,-235,160,6,643,0,302,-3,164,-3,178
03:16,-229,741,-235,158,6,609,0,334,-3,164,-3,178
03:17,-229,740,-235,163,6,607,0,380,-3,164,-3,178
03:18,-229,739,-235,168,6,642,0,402,-3,164,-3,178
03:19,-229,741,-235,169,6,674,0,372,-3,164,-3,178
03:20,-229,744,-235,165,6,678,0,326,-3,164,-3,178
03:21,-229,742,-235,157,6,640,0,304,-3,164,-3,178
03:22,-229,738,-235,159,6,601,0,355,-3,163,-3,178
03:23,-229,738,-235,165,6,621,0,393,-3,163,-3,178
03:24,-229,740,-235,169,6,659,0,394,-3,164,-3,178
03:25,-229,744,-235,172,6,681,0,342,-3,164,-3,178
03:26,-229,742,-235,165,6,654,0,301,-3,164,-3,178
03:27,-229,740,-235,161,6,617,0,315,-3,164,-3,178
03:28,-229,737,-235,167,6,608,0,374,-3,163,-3,178
03:29,-229,738,-235,170,6,646,0,392,-3,163,-3,178
03:30,-229,743,-235,174,6,677,0,357,-3,164,-3,178
03:31,-229,744,-235,166,6,673,0,312,-3,164,-3,178
03:32,-229,743,-235,161,6,635,0,308,-3,164,-3,178
03:33,-229,740,-235,162,6,606,0,345,-3,164,-3,178
03:34,-229,736,-235,168,6,615,0,396,-3,163,-3,178
03:35,-229,740,-235,175,6,662,0,403,-3,164,-3,178
03:36,-229,740,-235,173,6,684,0,358,-3,164,-3,178
03:37,-229,778,-235,163,6,612,0,317,-3,164,-3,178
03:38,-230,278,-235,162,6,243,0,319,-3,171,-3,178
03:39,-234,121,-235,163,5,895,0,374,-3,224,-3,178
03:40,-238,630,-235,165,5,825,0,412,-3,286,-3,178
03:41,-243,339,-235,170,5,826,0,405,-3,351,-3,178
03:42,-249,135,-238,143,5,808,-1,442,-3,431,-3,218
03:43,-253,693,-243,448,5,746,-1,563,-3,493,-3,290
03:44,-258,182,-248,843,5,691,-1,502,-3,555,-3,363
03:45,-262,600,-254,154,5,666,-1,408,-3,616,-3,435
03:46,-266,936,-259,376,5,682,-1,348,-3,676,-3,505
03:47,-271,172,-264,504,5,697,-1,348,-3,734,-3,574
03:48,-276,278,-270,762,5,680,-1,343,-3,804,-3,659
03:49,-280,157,-275,633,5,646,-1,290,-3,858,-3,725
03:50,-283,756,-280,357,5,654,-1,173,-3,907,-3,789
03:51,-286,690,-284,882,5,916,-1,039,-3,948,-3,850
03:52,-287,133,-289,094,6,217,-0,880,-3,954,-3,907
03:53,-287,098,-292,668,6,241,-0,452,-3,953,-3,955
03:54,-287,082,-293,515,6,219,0,458,-3,953,-3,966
03:55,-287,068,-293,450,6,171,0,460,-3,953,-3,966
03:56,-287,066,-293,435,6,162,0,494,-3,953,-3,965
03:57,-287,064,-293,433,6,193,0,521,-3,953,-3,965
03:58,-287,067,-293,436,6,231,0,499,-3,953,-3,965
03:59,-287,072,-293,428,6,239,0,453,-3,953,-3,965
04:00,-287,070,-293,419,6,205,0,427,-3,953,-3,965
04:01,-287,064,-293,420,6,168,0,455,-3,953,-3,965
04:02,-287,063,-293,428,6,171,0,510,-3,953,-3,965
04:03,-287,063,-293,431,6,208,0,523,-3,953,-3,965
04:04,-287,069,-293,432,6,240,0,485,-3,953,-3,965
04:05,-287,069,-293,427,6,227,0,442,-3,953,-3,965
04:06,-287,066,-293,422,6,191,0,424,-3,953,-3,965
04:07,-287,062,-293,421,6,168,0,463,-3,953,-3,965
04:08,-287,061,-293,430,6,186,0,515,-3,953,-3,965
04:09,-287,062,-293,432,6,223,0,516,-3,953,-3,965
04:10,-287,065,-293,427,6,246,0,468,-3,953,-3,965
04:11,-287,068,-293,422,6,215,0,435,-3,953,-3,965
04:12,-287,062,-293,421,6,179,0,448,-3,953,-3,965
04:13,-287,059,-293,423,6,166,0,494,-3,953,-3,965
04:14,-287,062,-293,427,6,195,0,527,-3,953,-3,965
04:15,-287,064,-293,427,6,240,0,497,-3,953,-3,965
04:16,-287,066,-293,425,6,240,0,451,-3,953,-3,965
04:17,-287,061,-293,418,6,200,0,428,-3,953,-3,965
04:18,-287,060,-293,418,6,169,0,463,-3,953,-3,965
04:19,-287,061,-293,422,6,173,0,515,-3,953,-3,965
04:20,-287,058,-293,428,6,211,0,520,-3,953,-3,965
04:21,-287,060,-293,426,6,244,0,478,-3,953,-3,965
04:22,-287,064,-293,422,6,228,0,434,-3,953,-3,965
04:23,-287,062,-293,419,6,188,0,433,-3,953,-3,965
04:24,-287,060,-293,420,6,164,0,478,-3,953,-3,965
04:25,-287,058,-293,427,6,186,0,519,-3,953,-3,965
04:26,-287,064,-293,428,6,220,0,515,-3,953,-3,965
04:27,-287,063,-293,427,6,244,0,471,-3,953,-3,965
04:28,-287,064,-293,420,6,215,0,433,-3,953,-3,965
04:29,-287,062,-293,418,6,180,0,448,-3,953,-3,965
04:30,-287,060,-293,422,6,163,0,494,-3,953,-3,965
04:31,-287,062,-293,425,6,188,0,527,-3,953,-3,965
04:32,-287,065,-293,430,6,225,0,522,-3,953,-3,965
04:33,-287,063,-293,426,6,246,0,476,-3,953,-3,965
04:34,-287,061,-293,422,6,222,0,439,-3,953,-3,965
04:35,-287,057,-293,422,6,175,0,450,-3,953,-3,965
04:36,-287,059,-293,422,6,165,0,498,-3,953,-3,965
04:37,-287,062,-293,429,6,197,0,529,-3,953,-3,965
04:38,-287,063,-293,432,6,231,0,513,-3,953,-3,965
04:39,-287,065,-293,425,6,244,0,461,-3,953,-3,965
04:40,-287,062,-293,421,6,211,0,435,-3,953,-3,965
04:41,-287,061,-293,421,6,176,0,453,-3,953,-3,965
04:42,-287,056,-293,426,6,169,0,508,-3,953,-3,965
04:43,-287,063,-293,430,6,211,0,524,-3,953,-3,965
04:44,-287,060,-293,433,6,237,0,484,-3,953,-3,965
04:45,-287,065,-293,420,6,235,0,436,-3,953,-3,965
04:46,-287,061,-293,419,6,193,0,430,-3,953,-3,965
04:47,-287,061,-293,421,6,166,0,469,-3,953,-3,965
04:48,-287,061,-293,426,6,186,0,527,-3,953,-3,965
04:49,-287,063,-293,430,6,227,0,521,-3,953,-3,965
04:50,-287,065,-293,430,6,245,0,470,-3,953,-3,965
04:51,-287,066,-293,426,6,217,0,439,-3,953,-3,965
04:52,-287,062,-293,419,6,181,0,453,-3,953,-3,965
04:53,-287,061,-293,426,6,163,0,493,-3,953,-3,965
04:54,-287,062,-293,429,6,190,0,530,-3,953,-3,965
04:55,-287,064,-293,431,6,234,0,510,-3,953,-3,965
04:56,-287,066,-293,426,6,240,0,462,-3,953,-3,965
04:57,-287,065,-293,420,6,207,0,436,-3,953,-3,965
04:58,-287,060,-293,420,6,172,0,457,-3,953,-3,965
04:59,-287,061,-293,425,6,167,0,507,-3,953,-3,965
05:00,-287,062,-293,431,6,197,0,530,-3,953,-3,965
05:01,-287,065,-293,436,6,230,0,513,-3,953,-3,965
05:02,-287,066,-293,428,6,239,0,459,-3,953,-3,965
05:03,-287,062,-293,422,6,202,0,436,-3,953,-3,965
05:04,-287,076,-293,419,6,080,0,466,-3,953,-3,965
05:05,-289,662,-293,425,5,555,0,514,-3,989,-3,965
05:06,-293,743,-293,432,5,464,0,542,-4,045,-3,965
05:07,-298,221,-293,433,5,430,0,527,-4,107,-3,965
05:08,-302,848,-293,429,5,388,0,486,-4,170,-3,965
05:09,-308,613,-294,432,5,310,-0,984,-4,250,-3,979
05:10,-313,146,-299,362,5,255,-1,342,-4,312,-4,045
05:11,-317,616,-304,688,5,227,-1,324,-4,374,-4,117
05:12,-322,007,-310,035,5,237,-1,282,-4,434,-4,190
05:13,-326,311,-315,307,5,255,-1,270,-4,493,-4,261
05:14,-330,501,-320,492,5,250,-1,269,-4,551,-4,331
05:15,-335,528,-326,831,5,200,-1,245,-4,620,-4,417
05:16,-339,318,-331,791,5,181,-1,155,-4,672,-4,484
05:17,-342,841,-336,618,5,212,-1,047,-4,721,-4,549
05:18,-345,521,-341,276,5,560,-0,958,-4,758,-4,612
05:19,-345,725,-345,703,5,781,-0,891,-4,761,-4,672
05:20,-345,693,-349,737,5,774,-0,734,-4,760,-4,726
05:21,-345,642,-352,556,5,793,0,275,-4,759,-4,764
05:22,-344,786,-352,638,5,712,0,629,-4,748,-4,765
05:23,-344,795,-352,611,5,731,0,657,-4,748,-4,765
05:24,-344,801,-352,603,5,774,0,639,-4,748,-4,765
05:25,-344,803,-352,598,5,792,0,569,-4,748,-4,765
05:26,-344,805,-352,591,5,770,0,550,-4,748,-4,765
05:27,-344,800,-352,588,5,731,0,556,-4,748,-4,765
05:28,-344,799,-352,587,5,712,0,605,-4,748,-4,765
05:29,-344,797,-352,595,5,748,0,643,-4,748,-4,765
05:30,-344,802,-352,597,5,786,0,606,-4,748,-4,765
05:31,-344,805,-352,596,5,793,0,509,-4,748,-4,765
05:32,-344,802,-352,586,5,763,0,529,-4,748,-4,765
05:33,-344,800,-352,582,5,728,0,549,-4,748,-4,765
05:34,-344,799,-352,587,5,713,0,604,-4,748,-4,765
05:35,-344,795,-352,593,5,755,0,642,-4,748,-4,765
05:36,-344,799,-352,594,5,789,0,605,-4,748,-4,765
05:37,-344,803,-352,588,5,787,0,558,-4,748,-4,765
05:38,-344,800,-352,586,5,756,0,545,-4,748,-4,765
05:39,-344,798,-352,589,5,719,0,572,-4,748,-4,765
05:40,-344,799,-352,593,5,717,0,614,-4,748,-4,765
05:41,-344,796,-352,601,5,765,0,630,-4,748,-4,765
05:42,-344,803,-352,599,5,794,0,587,-4,748,-4,765
05:43,-344,803,-352,597,5,783,0,532,-4,748,-4,765
05:44,-344,799,-352,592,5,745,0,511,-4,748,-4,765
05:45,-344,797,-352,591,5,718,0,557,-4,748,-4,765
05:46,-344,796,-352,595,5,720,0,591,-4,748,-4,765
05:47,-344,799,-352,600,5,757,0,620,-4,748,-4,765
05:48,-344,802,-352,601,5,795,0,595,-4,748,-4,765
05:49,-344,803,-352,594,5,781,0,601,-4,748,-4,765
05:50,-344,800,-352,589,5,751,0,593,-4,748,-4,765
05:51,-344,795,-352,591,5,719,0,631,-4,748,-4,765
05:52,-344,799,-352,594,5,721,0,661,-4,748,-4,765
05:53,-344,800,-352,601,5,755,0,645,-4,748,-4,765
05:54,-344,803,-352,606,5,789,0,631,-4,748,-4,765
05:55,-344,802,-352,603,5,791,0,601,-4,748,-4,765
05:56,-344,802,-352,595,5,755,0,576,-4,748,-4,765
05:57,-344,800,-352,595,5,724,0,607,-4,748,-4,765
05:58,-344,953,-352,596,5,502,0,620,-4,750,-4,765
05:59,-348,049,-352,597,5,081,0,676,-4,793,-4,765
06:00,-352,494,-352,596,5,000,0,679,-4,854,-4,765
06:01,-357,163,-352,593,4,961,0,629,-4,918,-4,765
06:02,-362,976,-353,953,4,883,-0,975,-4,998,-4,783
06:03,-367,557,-358,996,4,828,-1,231,-5,061,-4,851
06:04,-372,073,-364,384,4,800,-1,191,-5,123,-4,924
06:05,-376,520,-369,728,4,809,-1,130,-5,185,-4,996
06:06,-380,883,-374,985,4,823,-1,135,-5,245,-5,067
06:07,-385,156,-380,147,4,810,-1,146,-5,304,-5,137
06:08,-389,303,-385,217,4,769,-1,125,-5,361,-5,206
06:09,-394,256,-391,411,4,725,-1,018,-5,429,-5,289
06:10,-397,956,-396,215,4,749,-0,903,-5,480,-5,354
06:11,-401,192,-400,845,4,890,-0,813,-5,524,-5,417
06:12,-402,333,-405,224,5,338,-0,735,-5,540,-5,476
06:13,-402,283,-409,179,5,338,-0,555,-5,539,-5,529
06:14,-402,260,-411,563,5,294,0,550,-5,539,-5,562
06:15,-402,247,-411,529,5,257,0,740,-5,539,-5,561
06:16,-402,240,-411,511,5,279,0,775,-5,539,-5,561
06:17,-402,243,-411,504,5,320,0,769,-5,539,-5,561
06:18,-402,246,-411,499,5,343,0,729,-5,539,-5,561
06:19,-402,244,-411,488,5,319,0,684,-5,539,-5,561
06:20,-402,249,-411,487,5,278,0,693,-5,539,-5,561
06:21,-402,242,-411,491,5,267,0,751,-5,539,-5,561
06:22,-402,241,-411,498,5,308,0,780,-5,539,-5,561
06:23,-402,245,-411,495,5,342,0,720,-5,539,-5,561
06:24,-402,247,-411,491,5,327,0,689,-5,539,-5,561
06:25,-402,244,-411,490,5,290,0,688,-5,539,-5,561
06:26,-402,241,-411,493,5,263,0,741,-5,539,-5,561
06:27,-402,243,-411,494,5,297,0,770,-5,539,-5,561
06:28,-402,246,-411,493,5,334,0,751,-5,539,-5,561
06:29,-402,249,-411,492,5,332,0,686,-5,539,-5,561
06:30,-402,248,-411,488,5,291,0,683,-5,539,-5,561
06:31,-402,247,-411,486,5,268,0,733,-5,539,-5,561
06:32,-402,246,-411,489,5,293,0,768,-5,539,-5,561
06:33,-402,250,-411,494,5,332,0,752,-5,539,-5,561
06:34,-402,249,-411,493,5,348,0,716,-5,539,-5,561
06:35,-402,492,-411,486,5,009,0,685,-5,542,-5,561
06:36,-405,772,-411,488,4,601,0,726,-5,587,-5,561
06:37,-410,179,-411,491,4,503,0,778,-5,648,-5,561
06:38,-414,782,-411,492,4,496,0,783,-5,712,-5,561
06:39,-419,439,-411,496,4,480,0,745,-5,776,-5,561
06:40,-424,040,-412,004,4,433,-0,348,-5,839,-5,568
06:41,-428,571,-416,662,4,348,-1,163,-5,901,-5,631
06:42,-434,136,-423,431,4,323,-1,088,-5,978,-5,722
06:43,-438,500,-428,760,4,335,-1,024,-6,038,-5,794
06:44,-442,769,-433,999,4,353,-1,024,-6,097,-5,865
06:45,-446,919,-439,146,4,346,-1,051,-6,154,-5,934
06:46,-450,915,-444,190,4,301,-1,018,-6,209,-6,003
06:47,-454,679,-449,130,4,286,-0,924,-6,261,-6,069
06:48,-458,075,-453,937,4,355,-0,858,-6,308,-6,134
06:49,-459,958,-459,677,4,870,-0,731,-6,334,-6,212
06:50,-459,908,-463,965,4,893,-0,669,-6,333,-6,270
06:51,-459,890,-467,745,4,871,-0,402,-6,333,-6,321
06:52,-459,877,-469,266,4,834,0,758,-6,333,-6,341
06:53,-459,871,-469,206,4,813,0,780,-6,332,-6,341
06:54,-459,864,-469,181,4,840,0,810,-6,332,-6,340
06:55,-459,868,-469,177,4,885,0,778,-6,332,-6,340
06:56,-459,868,-469,162,4,889,0,737,-6,332,-6,340
06:57,-459,866,-469,149,4,856,0,705,-6,332,-6,340
06:58,-459,863,-469,146,4,819,0,735,-6,332,-6,340
06:59,-459,864,-469,152,4,815,0,780,-6,332,-6,340
07:00,-459,869,-469,158,4,859,0,805,-6,332,-6,340
07:01,-459,873,-469,158,4,891,0,777,-6,332,-6,340
07:02,-459,873,-469,157,4,882,0,712,-6,332,-6,340
07:03,-459,872,-469,153,4,850,0,708,-6,332,-6,340
07:04,-459,869,-469,153,4,820,0,741,-6,332,-6,340
07:05,-459,866,-469,158,4,833,0,783,-6,332,-6,340
07:06,-459,864,-469,162,4,860,0,796,-6,332,-6,340
07:07,-459,868,-469,160,4,899,0,757,-6,332,-6,340
07:08,-459,874,-469,159,4,884,0,696,-6,332,-6,340
07:09,-459,867,-469,150,4,838,0,723,-6,332,-6,340
07:10,-459,867,-469,157,4,823,0,749,-6,332,-6,340
07:11,-459,869,-469,158,4,844,0,799,-6,332,-6,340
07:12,-459,870,-469,160,4,880,0,788,-6,332,-6,340
07:13,-459,875,-469,155,4,897,0,741,-6,332,-6,340
07:14,-459,873,-469,148,4,877,0,702,-6,332,-6,340
07:15,-459,869,-469,144,4,834,0,720,-6,332,-6,340
07:16,-459,863,-469,147,4,823,0,745,-6,332,-6,340
07:17,-459,864,-469,160,4,847,0,801,-6,332,-6,340
07:18,-459,867,-469,158,4,885,0,795,-6,332,-6,340
07:19,-459,869,-469,157,4,896,0,743,-6,332,-6,340
07:20,-459,872,-469,154,4,877,0,697,-6,332,-6,340
07:21,-459,863,-469,147,4,843,0,704,-6,332,-6,340
07:22,-459,862,-469,153,4,819,0,734,-6,332,-6,340
07:23,-459,866,-469,157,4,854,0,805,-6,332,-6,340
07:24,-459,870,-469,163,4,880,0,781,-6,332,-6,340
07:25,-459,871,-469,165,4,897,0,735,-6,332,-6,340
07:26,-460,700,-469,154,4,359,0,702,-6,344,-6,340
07:27,-464,775,-469,147,4,119,0,713,-6,400,-6,340
07:28,-469,229,-469,154,4,031,0,769,-6,461,-6,340
07:29,-475,023,-469,156,4,001,0,810,-6,541,-6,340
07:30,-479,640,-469,225,4,011,0,338,-6,605,-6,341
07:31,-484,197,-472,934,3,994,-1,054,-6,667,-6,391
07:32,-488,690,-478,222,3,935,-1,164,-6,729,-6,462
07:33,-493,104,-483,593,3,878,-1,109,-6,790,-6,535
07:34,-497,428,-488,906,3,858,-1,056,-6,850,-6,607
07:35,-502,692,-495,408,3,889,-0,970,-6,922,-6,695
07:36,-506,749,-500,509,3,907,-1,009,-6,978,-6,764
07:37,-510,612,-505,499,3,902,-0,983,-7,031,-6,831
07:38,-514,171,-510,370,3,903,-0,948,-7,080,-6,897
07:39,-516,914,-515,085,4,167,-0,816,-7,118,-6,961
07:40,-517,205,-519,596,4,392,-0,640,-7,122,-7,022
07:41,-517,178,-523,795,4,421,-0,561,-7,122,-7,078
07:42,-517,159,-527,832,4,450,0,360,-7,121,-7,133
07:43,-517,152,-528,049,4,432,0,764,-7,121,-7,136
07:44,-517,148,-528,006,4,395,0,727,-7,121,-7,135
07:45,-517,141,-527,992,4,367,0,788,-7,121,-7,135
07:46,-517,143,-527,990,4,391,0,824,-7,121,-7,135
07:47,-517,143,-527,989,4,427,0,814,-7,121,-7,135
07:48,-517,151,-527,989,4,450,0,767,-7,121,-7,135
07:49,-517,148,-527,983,4,434,0,750,-7,121,-7,135
07:50,-517,150,-527,978,4,395,0,742,-7,121,-7,135
07:51,-517,143,-527,978,4,373,0,795,-7,121,-7,135
07:52,-517,144,-527,981,4,393,0,799,-7,121,-7,135
07:53,-517,149,-527,985,4,438,0,832,-7,121,-7,135
07:54,-517,149,-527,980,4,451,0,798,-7,121,-7,135
07:55,-517,149,-527,975,4,419,0,753,-7,121,-7,135
07:56,-517,149,-527,971,4,392,0,743,-7,121,-7,135
07:57,-517,143,-527,973,4,379,0,797,-7,121,-7,135
07:58,-517,147,-527,977,4,409,0,831,-7,121,-7,135
07:59,-517,147,-527,981,4,448,0,807,-7,121,-7,135
08:00,-517,152,-527,983,4,455,0,765,-7,121,-7,135
08:01,-517,146,-527,972,4,420,0,732,-7,121,-7,135
08:02,-517,142,-527,978,4,379,0,777,-7,121,-7,135
08:03,-517,141,-527,980,4,386,0,799,-7,121,-7,135
08:04,-517,145,-527,991,4,426,0,821,-7,121,-7,135
08:05,-517,154,-527,983,4,452,0,780,-7,121,-7,135
08:06,-517,155,-527,984,4,445,0,755,-7,121,-7,135
08:07,-517,150,-527,969,4,404,0,702,-7,121,-7,135
08:08,-517,153,-527,972,4,375,0,756,-7,121,-7,135
08:09,-517,145,-527,980,4,397,0,820,-7,121,-7,135
08:10,-517,151,-527,987,4,437,0,827,-7,121,-7,135
08:11,-517,151,-527,990,4,455,0,869,-7,121,-7,135
08:12,-517,152,-527,980,4,433,0,747,-7,121,-7,135
08:13,-517,145,-527,975,4,394,0,744,-7,121,-7,135
08:14,-517,141,-527,975,4,375,0,814,-7,121,-7,135
08:15,-517,144,-527,983,4,400,0,822,-7,121,-7,135
08:16,-517,152,-527,990,4,448,0,822,-7,121,-7,135
08:17,-517,149,-527,990,4,451,0,768,-7,121,-7,135
08:18,-517,152,-527,985,4,422,0,710,-7,121,-7,135
08:19,-517,145,-527,986,4,381,0,735,-7,121,-7,135
08:20,-517,142,-527,990,4,379,0,799,-7,121,-7,135
08:21,-517,144,-527,999,4,417,0,810,-7,121,-7,135
08:22,-517,151,-527,998,4,454,0,776,-7,121,-7,135
08:23,-517,151,-527,991,4,446,0,713,-7,121,-7,135
08:24,-517,145,-527,985,4,410,0,705,-7,121,-7,135
08:25,-517,142,-527,986,4,381,0,751,-7,121,-7,135
08:26,-517,139,-527,986,4,392,0,705,-7,121,-7,135
08:27,-517,146,-527,991,4,427,0,724,-7,121,-7,135
08:28,-517,052,-527,987,4,556,0,684,-7,120,-7,135
08:29,-513,978,-527,975,5,092,0,645,-7,077,-7,135
08:30,-509,609,-527,982,5,167,0,652,-7,017,-7,135
08:31,-505,026,-527,983,5,209,0,696,-6,954,-7,135
08:32,-500,342,-527,991,5,292,0,734,-6,890,-7,135
08:33,-495,552,-527,989,5,377,0,695,-6,824,-7,135
08:34,-490,699,-527,987,5,441,0,667,-6,757,-7,135
08:35,-485,855,-527,984,5,443,0,621,-6,690,-7,135
08:36,-479,897,-527,983,5,445,0,616,-6,608,-7,135
08:37,-475,136,-527,989,5,496,0,691,-6,543,-7,135
08:38,-470,266,-527,988,5,587,0,698,-6,476,-7,135
08:39,-465,332,-527,997,5,662,0,881,-6,408,-7,135
